contrast,correlation,energy,entropy,homogeneity,output
0.730484069,0.792607513,0.088068593,7.540139853,0.76503702,0
0.406403186,0.87635266,0.117659447,7.254698627,0.815166462,0
0.635569853,0.898905093,0.06311622,7.810924632,0.78882787,0
0.814016544,0.860311551,0.059063423,7.75706385,0.751397715,0
0.525291054,0.907818103,0.080637132,7.715683573,0.825796824,0
0.595894608,0.8993541,0.075587905,7.746150793,0.813267719,0
0.894761029,0.8474229,0.062513914,7.757066785,0.762479612,0
0.513465074,0.910508935,0.087141935,7.787785924,0.837871477,0
0.60981924,0.905457568,0.072522863,7.799380375,0.805844056,0
0.581770833,0.887261105,0.078377336,7.737012988,0.812033548,0
0.587530637,0.883954106,0.081005805,7.721242211,0.812317964,0
0.675949755,0.883159955,0.071420455,7.774437351,0.800861162,0
0.316789216,0.902217338,0.128706788,7.353389107,0.86118796,0
0.585125613,0.904634115,0.076333513,7.789702762,0.820646446,0
0.584497549,0.880420119,0.083259398,7.66229822,0.807907475,0
0.608900123,0.874929985,0.08113146,7.656356373,0.800338542,0
0.693367034,0.856465758,0.076064158,7.666237951,0.786058408,0
0.738342525,0.889678981,0.059301117,7.841608439,0.779422378,0
1.023498775,0.845337699,0.052160181,7.857514512,0.740845151,0
0.75546875,0.850817259,0.080909133,7.715419861,0.8012074,0
0.72041973,0.86553657,0.078785689,7.694356943,0.808883163,0
1.015379902,0.830789132,0.05655614,7.775550572,0.74678276,0
1.083164828,0.830509433,0.052039158,7.803502716,0.734197377,0
0.296875,0.908951373,0.133913106,7.350247675,0.873927185,0
1.026317402,0.854272193,0.05852633,7.81574827,0.751199923,0
1.041253064,0.853720001,0.055340168,7.832019843,0.74788975,0
0.748697917,0.901964307,0.068571574,7.866713967,0.806464716,0
0.851685049,0.899223162,0.061523313,7.914345575,0.79905174,0
1.164414828,0.854916922,0.04971878,7.911517561,0.751191716,0
0.671109069,0.921972665,0.061891174,7.918841673,0.805639589,0
0.63526348,0.918809226,0.061971995,7.589132603,0.801230852,0
0.632981005,0.921169299,0.064354673,7.498376908,0.805097164,0
0.570159314,0.919858313,0.065872929,7.724622833,0.811411612,0
0.512300858,0.895601196,0.088787182,7.683359559,0.823048917,0
0.277987132,0.932321696,0.127511523,7.426011207,0.878278442,0
0.651348039,0.901458064,0.066192027,7.852995245,0.806234426,0
0.550704657,0.915338993,0.074800855,7.838801637,0.824769455,0
0.587224265,0.912309997,0.071530296,7.845992393,0.820441432,0
0.649172794,0.901716771,0.068864054,7.832496622,0.811370652,0
0.739093137,0.91452933,0.060901358,7.922137931,0.812063638,0
0.687913603,0.911686495,0.059215238,7.903251684,0.799525888,0
0.734175858,0.9028599,0.059386894,7.88888887,0.793325565,0
0.604932598,0.917798534,0.066508987,7.86623895,0.809829343,0
0.603339461,0.915217461,0.067528928,7.858727532,0.809674224,0
0.688357843,0.877352196,0.088489757,7.695233498,0.81853977,0
0.368841912,0.881579521,0.144577097,7.093770718,0.82929662,0
0.860968137,0.87580351,0.055508778,7.847970991,0.767712163,0
0.747135417,0.886570088,0.058185714,7.798252279,0.771178768,0
0.72231924,0.886571266,0.060007921,7.773298246,0.774470741,0
0.959283088,0.847348001,0.064616309,7.765964765,0.76255274,0
0.724678309,0.884637148,0.074314573,7.794594165,0.813887649,0
0.685125613,0.891669373,0.075196357,7.804220084,0.817224338,0
0.592708333,0.917060494,0.071732589,7.837142908,0.820660379,0
0.579856005,0.91392478,0.083979483,7.810640923,0.840130099,0
1.104963235,0.78320944,0.058409792,7.655042598,0.712829752,0
0.583318015,0.924163119,0.078329938,7.801831142,0.82483124,0
0.39229473,0.892357289,0.117618849,7.28603911,0.820065359,0
0.754810049,0.90077718,0.072779628,7.814784162,0.805660488,0
0.814797794,0.873928703,0.063174102,7.814243153,0.786320101,0
0.407613358,0.881812239,0.125704257,7.512637471,0.855630106,0
0.417570466,0.88230797,0.127295189,7.498936223,0.854801879,0
0.204044118,0.933843271,0.166854836,7.542312045,0.91410769,0
0.435386029,0.907226159,0.104937356,7.658155865,0.85543173,0
0.379978554,0.910986423,0.119114066,7.653743433,0.869516187,0
0.544730392,0.868225412,0.103825239,7.612150189,0.82800143,0
0.242938113,0.958927852,0.13247206,7.683890221,0.903489839,0
0.264185049,0.951927371,0.12662434,7.721095356,0.896656965,0
0.344806985,0.871454579,0.153513715,7.090645891,0.835802696,0
0.298085172,0.957671711,0.125992746,7.724620529,0.90127451,0
0.272794118,0.956212104,0.121477015,7.719699336,0.900042892,0
0.320588235,0.952430344,0.124207979,7.619669071,0.888429841,0
0.511917892,0.895582663,0.093688402,7.709325104,0.835433517,0
0.472671569,0.90412729,0.093924902,7.744476581,0.83893893,0
0.403921569,0.916320034,0.100425929,7.720307956,0.854598141,0
0.451286765,0.926716727,0.099985997,7.487789968,0.851001072,0
0.391988358,0.941531667,0.108104955,7.523164745,0.872713695,0
0.45791973,0.932366713,0.094612223,7.450266001,0.853260059,0
0.453324142,0.906280491,0.095470351,7.647134984,0.847415893,0
0.337959559,0.890881823,0.133777205,7.22007299,0.841568372,0
0.481295956,0.898890738,0.098678878,7.643033064,0.846019637,0
0.51216299,0.90336771,0.090783838,7.708328657,0.842839198,0
0.579212623,0.891307711,0.084356946,7.688443265,0.820528748,0
0.564981618,0.896827964,0.083197783,7.711250444,0.824801624,0
0.662867647,0.909502993,0.086609597,7.71525851,0.814602372,0
0.731387868,0.898184461,0.081570891,7.726334651,0.804955503,0
0.829871324,0.869212252,0.112512839,7.501803143,0.805661619,0
0.827251838,0.862194503,0.124227205,7.423653213,0.811235411,0
0.53325674,0.907112156,0.107967103,7.587678715,0.84317825,0
0.554090074,0.901467451,0.10992354,7.589271392,0.83704635,0
0.482337623,0.869544361,0.105492482,7.276227378,0.801109835,0
0.555698529,0.891808001,0.117943484,7.53434543,0.841284212,0
0.780193015,0.888651351,0.117102336,7.537116208,0.827248191,0
0.911335784,0.8738929,0.062528154,7.801891975,0.773457232,0
1.07723652,0.846277287,0.05484004,7.85825431,0.751402165,0
0.485723039,0.910220753,0.086277601,7.815355696,0.842188266,0
0.535891544,0.905355696,0.081022981,7.839142117,0.834199857,0
0.523008578,0.900476514,0.089890576,7.783300054,0.840596077,0
0.469684436,0.912139548,0.088654696,7.779319858,0.843075214,0
0.420465686,0.917817433,0.093761476,7.757206963,0.85090482,0
0.424693627,0.916071127,0.093314822,7.758438224,0.849552185,0
0.38794424,0.865557546,0.155564413,7.095604792,0.828678002,0
0.516988358,0.906402236,0.085224997,7.790865195,0.837504596,0
0.542555147,0.904166852,0.085066115,7.863365463,0.829387,0
0.559390319,0.903590572,0.081429846,7.873986644,0.825476665,0
0.511917892,0.912334975,0.09830052,7.838577967,0.852207159,0
0.522043505,0.903623042,0.097490695,7.838807659,0.844796408,0
0.470435049,0.911556575,0.09760729,7.853247483,0.856131427,0
0.467218137,0.915592555,0.09345194,7.857974737,0.852513787,0
0.483118873,0.917229323,0.090476209,7.862401561,0.851230232,0
0.492126225,0.917994021,0.082228977,7.873699672,0.830774357,0
0.474188113,0.908650782,0.087755908,7.84666693,0.830837163,0
0.903507966,0.817820573,0.076183928,7.712436621,0.750605232,0
0.224280025,0.929732552,0.184246371,7.090556866,0.896960784,0
0.431954657,0.91760043,0.091196496,7.805662552,0.844208282,0
0.463051471,0.903582122,0.092683518,7.769775617,0.837336237,0
0.48526348,0.908116361,0.089442891,7.801527698,0.835335113,0
0.657536765,0.872604625,0.087838831,7.766139329,0.816989014,0
0.888939951,0.867410042,0.066566011,7.880531776,0.789676631,0
0.477910539,0.911131547,0.097820288,7.746983934,0.834719669,0
0.568137255,0.901563847,0.07963619,7.812361583,0.82129136,0
0.468780637,0.921268884,0.076906976,7.841213851,0.824829453,0
0.345894608,0.930316,0.102760031,7.82054592,0.863305249,0
0.418275123,0.901324267,0.103855966,7.671417211,0.841085835,0
0.189154412,0.933599918,0.190773835,7.011088959,0.910106464,0
0.275612745,0.930366152,0.123331763,7.797399394,0.876655944,0
0.283731618,0.932412923,0.115154349,7.817444468,0.872865605,0
0.384129902,0.915474991,0.094960691,7.835086919,0.834439594,0
0.330790441,0.919524059,0.106656859,7.811975571,0.852460427,0
0.490379902,0.839793382,0.120147719,7.712937939,0.827292433,0
0.484191176,0.84043062,0.119639695,7.709714431,0.827157884,0
0.485723039,0.840821676,0.119293873,7.719390416,0.827364685,0
0.955591299,0.829203596,0.0554847,7.823256456,0.732947195,0
0.972242647,0.82659708,0.05418664,7.837728098,0.729447508,0
0.9921875,0.823287819,0.053631431,7.839543599,0.726880362,0
0.368627451,0.868993868,0.131609979,7.213829957,0.833820976,0
0.889445466,0.841344747,0.057548879,7.835869131,0.746049618,0
0.893964461,0.840279859,0.057625574,7.830997676,0.746964906,0
0.753094363,0.878291174,0.06158904,7.819217055,0.773464563,0
0.438434436,0.922733124,0.088442995,7.838098605,0.847525786,0
0.381893382,0.929931358,0.09356204,7.834882459,0.858523029,0
0.442999387,0.922377205,0.086530517,7.859206067,0.847164522,0
1.131571691,0.840281113,0.05402283,7.850073152,0.742210186,0
0.765487132,0.901542585,0.114526216,7.575349323,0.829461988,0
0.367340686,0.920092823,0.105094506,7.673894831,0.86620481,0
0.41573223,0.913906145,0.097085812,7.714870935,0.855784314,0
0.533103554,0.792320475,0.123483789,7.066591908,0.764989788,0
0.423621324,0.925335957,0.087156995,7.766204011,0.844107435,0
0.454059436,0.930688784,0.096799902,7.541464605,0.855875715,0
0.477726716,0.891586834,0.111941432,7.771709443,0.850724316,0
0.852849265,0.870714533,0.056252133,7.807245785,0.763307292,0
0.947870711,0.888421551,0.051525485,7.935547749,0.770370638,0
0.988005515,0.87849848,0.057872775,7.923665457,0.784118887,0
1.065793505,0.878502474,0.056181821,7.951883649,0.784169913,0
0.606525735,0.907474642,0.072476159,7.780452663,0.817937602,0
1.25703125,0.852780183,0.047261978,7.936240716,0.745233755,0
0.78739277,0.900980137,0.06411517,7.893868356,0.803307511,0
0.36807598,0.875300758,0.131516857,7.215451381,0.83240579,0
1.12901348,0.849972976,0.051113385,7.855118601,0.735399889,0
0.953584559,0.85093784,0.060043815,7.844261124,0.757706072,0
1.066681985,0.826902833,0.060288429,7.776558666,0.755917586,0
0.458057598,0.893321235,0.106214403,7.608194537,0.83528365,0
1.149571078,0.818770527,0.053398729,7.79778871,0.732563171,0
0.501960784,0.914067811,0.081172361,7.78077837,0.829852175,0
0.379963235,0.930821486,0.08904478,7.731297767,0.852454299,0
0.784941789,0.875427188,0.064467242,7.842230314,0.786531133,0
0.766007966,0.871049167,0.067412981,7.784585182,0.790111388,0
0.768995098,0.873963327,0.068932664,7.798588311,0.791828789,0
0.362867647,0.877816259,0.131523017,7.192593337,0.829524101,0
0.625382966,0.878706683,0.077911073,7.710196899,0.802845107,0
0.611550245,0.878716264,0.079691756,7.70268562,0.804288085,0
0.897794118,0.863523989,0.057178054,7.84203211,0.765075572,0
0.717110907,0.890132637,0.066786527,7.825789444,0.798194955,0
0.625658701,0.878195101,0.075424499,7.779731375,0.800714614,0
0.589108456,0.883819439,0.079768922,7.749750557,0.812307496,0
0.529488358,0.894361794,0.087631663,7.694581423,0.825876225,0
0.511504289,0.895264005,0.088814805,7.676122904,0.829786305,0
0.681326593,0.877327348,0.070124421,7.82344323,0.79305913,0
0.636504289,0.886183373,0.072843551,7.750229844,0.796388634,0
0.333716299,0.871262928,0.160031938,7.084509129,0.842424939,0
0.724586397,0.889072838,0.062695751,7.847068512,0.789674771,0
0.736167279,0.885863478,0.062798565,7.854010749,0.789594603,0
1.296568627,0.80838788,0.047594644,7.846754035,0.722733536,0
0.80424326,0.85979081,0.061374909,7.755085491,0.7695481,0
0.829258578,0.857243437,0.060527887,7.761623344,0.767721354,0
0.628201593,0.872448924,0.085797205,7.657137475,0.818636642,0
0.637576593,0.872325772,0.08696055,7.684690778,0.819738599,0
0.620680147,0.884895857,0.083356986,7.719354627,0.822494894,0
0.865916054,0.862074868,0.068674408,7.759810788,0.789661495,0
0.60111826,0.893945461,0.078095959,7.771799087,0.815331904,0
0.371308211,0.89696675,0.118832202,7.285561577,0.822080525,0
0.575628064,0.899920084,0.076924575,7.791435471,0.819824091,0
0.627144608,0.885560868,0.083650119,7.735270715,0.818722171,0
0.635186887,0.885590245,0.083276998,7.738940075,0.818131638,0
0.691636029,0.883138245,0.07616498,7.803652345,0.814197304,0
0.679381127,0.885896166,0.076153601,7.805905881,0.815195057,0
0.559528186,0.897111783,0.090696959,7.86060684,0.830100592,0
0.604457721,0.891981681,0.081759475,7.809229385,0.820985498,0
0.584420956,0.895084236,0.083012664,7.810701932,0.825385008,0
0.877098652,0.87659594,0.061501044,7.874135239,0.788932802,0
0.842340686,0.881407365,0.063555006,7.876851294,0.797259498,0
0.420603554,0.894516292,0.106201049,7.29260358,0.805616064,0
0.893045343,0.874384408,0.061525244,7.871752086,0.789181146,0
0.759543505,0.869824437,0.073143405,7.831994821,0.803171211,0
0.758088235,0.870114564,0.073882428,7.828822498,0.805432022,0
0.551853554,0.910435839,0.073786869,7.724705016,0.804102839,0
0.542156863,0.914388962,0.072762057,7.753528627,0.809710989,0
0.589889706,0.91105497,0.071002258,7.761265523,0.801991677,0
0.448820466,0.908323992,0.103376128,7.573130056,0.848058875,0
1.245358456,0.795648824,0.053750695,7.77327974,0.726778055,0
1.036534926,0.825871275,0.059521223,7.7629235,0.747671824,0
0.945113358,0.806768115,0.064481611,7.56749735,0.732126371,0
0.423360907,0.897057966,0.096341572,7.402111828,0.805110039,0
1.021798407,0.801916723,0.061181244,7.600208012,0.726718239,0
0.775903799,0.847086604,0.077723147,7.613858129,0.783162786,0
0.717938113,0.855464749,0.080659962,7.599626291,0.791778383,0
0.853262868,0.83139516,0.07619223,7.613902686,0.775843947,0
0.637423407,0.879620502,0.090496167,7.569513497,0.788004895,0
1.122457108,0.810905011,0.063419442,7.724061025,0.74973145,0
0.288449755,0.942096986,0.110536955,7.611988307,0.879538909,0
0.265839461,0.95177823,0.114697487,7.483589477,0.892096099,0
0.262959559,0.945738534,0.121970501,7.625916829,0.892744587,0
0.332383578,0.955947312,0.081964858,7.809556831,0.864305045,0
0.587622549,0.919178862,0.082045754,7.772087419,0.82620098,0
0.432153799,0.907267555,0.088955499,7.436642722,0.798041769,0
0.925229779,0.833588789,0.060312874,7.692858244,0.75247115,0
0.681985294,0.88754097,0.080198252,7.70675339,0.810387051,0
0.61942402,0.921864742,0.079877142,7.723919213,0.816472886,0
0.560094975,0.929481315,0.075663336,7.769460078,0.821890829,0
0.909022672,0.904938589,0.105471564,7.621529756,0.800018674,0
0.571246936,0.892746518,0.078674202,7.707257031,0.815802951,0
0.541329657,0.897118211,0.082276211,7.697236703,0.820983711,0
0.734237132,0.888332226,0.07093711,7.735776905,0.799034671,0
0.74330576,0.886696287,0.069831351,7.742063277,0.797249796,0
0.733455882,0.887342832,0.070268601,7.743699844,0.798721916,0
0.306832108,0.929035914,0.106123696,7.436330676,0.852573529,0
0.685784314,0.882292887,0.073859445,7.767919747,0.802386642,0
0.728967525,0.878739818,0.070513255,7.781120532,0.796386409,0
1.134696691,0.794484973,0.06150596,7.740437118,0.738765136,0
0.856188725,0.843111876,0.07009607,7.723438711,0.769853962,0
1.154641544,0.83603334,0.051655583,7.834509572,0.73636923,0
1.107858456,0.832336358,0.05285943,7.807106841,0.741364014,0
0.797028186,0.881220952,0.058597719,7.850828791,0.776825214,0
0.815670956,0.879248577,0.058097613,7.852205138,0.774985593,0
0.955438113,0.874345514,0.051835977,7.862848975,0.743353758,0
0.60145527,0.86150192,0.080933167,7.656279898,0.784841452,0
0.380606618,0.887189064,0.116131353,7.262738519,0.82118796,0
0.556326593,0.85666584,0.086775443,7.589612599,0.789401443,0
0.626960784,0.870610632,0.076004759,7.696666951,0.787588082,0
0.579856005,0.891316046,0.07310499,7.731556903,0.797508681,0
0.587729779,0.8796193,0.07626491,7.681088288,0.794380872,0
0.696706495,0.853793188,0.075025708,7.664981041,0.781251787,0
0.782429534,0.86392653,0.063965374,7.757372561,0.771989817,0
0.780453431,0.866937124,0.064633283,7.76424036,0.776831998,0
0.859788603,0.862204688,0.060784315,7.787186531,0.768320568,0
1.099402574,0.834950506,0.068257638,7.801356634,0.766964432,0
1.044577206,0.845721918,0.069035898,7.804871661,0.77403292,0
0.297227328,0.9011612,0.147206608,7.230164236,0.857691228,0
1.260018382,0.808481683,0.054566909,7.803317132,0.732602197,0
0.806648284,0.893268455,0.056750299,7.811826194,0.760713593,0
0.800199142,0.895750816,0.056650084,7.81937836,0.761592882,0
0.803324142,0.893849368,0.057826306,7.798190263,0.762389195,0
0.638112745,0.877231062,0.070866703,7.693546295,0.791396038,0
0.86908701,0.844830641,0.075894072,7.670263117,0.787945517,0
0.834911152,0.844335393,0.08051213,7.646479484,0.793364481,0
0.972411152,0.831517886,0.062174805,7.724400196,0.754117392,0
0.955821078,0.834338713,0.063723427,7.722726613,0.75879136,0
0.605759804,0.884613883,0.083304464,7.637861255,0.813803761,0
0.214813113,0.91612714,0.195861752,6.954073743,0.894559334,0
0.573299632,0.89559126,0.085163121,7.652485718,0.822793862,0
0.663572304,0.87324195,0.074129081,7.638270744,0.790259395,0
0.633777574,0.882834486,0.088788219,7.585617709,0.804980852,0
0.612852328,0.886514021,0.090292109,7.583875379,0.808012809,0
0.615900735,0.904092822,0.074545702,7.618136561,0.82170241,0
0.480530025,0.925441733,0.082961022,7.564924442,0.84522646,0
0.56473652,0.90304507,0.08648528,7.667513548,0.820219312,0
0.473682598,0.916434644,0.095676964,7.634900531,0.83862643,0
0.919148284,0.855788293,0.074488208,7.691849581,0.773324288,0
1.06004902,0.820384718,0.060140561,7.723563813,0.756699784,0
0.390379902,0.863138115,0.133021462,7.162283884,0.824158752,0
0.760447304,0.862499083,0.073570681,7.769049737,0.792452257,0
0.774770221,0.859447796,0.074501769,7.76767105,0.793331473,0
0.735477941,0.866714965,0.074403554,7.789734903,0.799424931,0
0.7984375,0.878664539,0.065804243,7.834692181,0.794102511,0
0.767754289,0.881133523,0.066456719,7.830913988,0.795557926,0
0.933792892,0.843866992,0.058408916,7.802427045,0.754011438,0
0.853921569,0.855280873,0.061234185,7.800018062,0.765685654,0
0.889108456,0.832975676,0.064858413,7.747342361,0.761791769,0
0.888633578,0.832794809,0.065088103,7.745369416,0.761605027,0
0.756188725,0.896780071,0.061144738,7.865918767,0.787971558,0
0.312745098,0.902060085,0.141929879,7.214916454,0.854408446,0
0.49609375,0.88664983,0.108051021,7.585010405,0.848833231,0
0.920404412,0.888458331,0.073443726,7.731757305,0.78929848,0
0.815257353,0.901713548,0.077498668,7.735290432,0.801990546,0
0.664966299,0.922535933,0.066277366,7.806107785,0.807420744,0
0.668382353,0.919641157,0.066621179,7.829853371,0.807854517,0
0.34129902,0.930967614,0.12604065,7.398554801,0.869879749,0
0.359083946,0.920074249,0.114612364,7.549542416,0.873952206,0
0.378952206,0.919439985,0.119618956,7.569084726,0.875863205,0
0.487637868,0.912017293,0.08757691,7.699532119,0.840379391,0
0.687224265,0.887053536,0.074335596,7.757923896,0.810297254,0
0.263740809,0.906583965,0.163795809,7.132684528,0.874820006,0
0.673575368,0.890067086,0.076761959,7.730233727,0.81072603,0
0.585784314,0.890993558,0.086730168,7.682805487,0.829696436,0
0.563434436,0.895705752,0.087618265,7.692673176,0.833904973,0
0.52421875,0.885154445,0.092908699,7.670814135,0.828919781,0
0.496369485,0.888145259,0.099418741,7.666045197,0.836460631,0
0.468045343,0.886524918,0.106267725,7.616518612,0.840308415,0
0.632506127,0.902436893,0.089587234,7.538787834,0.805594107,0
0.331326593,0.968850705,0.105090537,7.673303181,0.875696742,0
0.34252451,0.968260121,0.104641213,7.678307055,0.872382302,0
0.548085172,0.939854422,0.064747217,7.872357072,0.817707567,0
0.280560662,0.901234018,0.158235156,7.140712618,0.868105341,0
0.550229779,0.936324955,0.06476903,7.865417985,0.820434794,0
0.648973652,0.919443481,0.066168673,7.847241902,0.811221077,0
0.625245098,0.921798978,0.068333739,7.833832354,0.816959398,0
0.693290441,0.928207169,0.081684866,7.748411218,0.817013889,0
0.385615809,0.898882888,0.123060533,7.480627272,0.862854116,0
0.388756127,0.896984218,0.124596714,7.487461375,0.862425194,0
0.298023897,0.938034062,0.126731348,7.584382221,0.893117851,0
0.374862132,0.934396644,0.109412532,7.635396709,0.875991371,0
1.128492647,0.851382859,0.048173339,7.843501726,0.72835529,0
0.371308211,0.949360696,0.086549431,7.61938394,0.850611469,0
0.30424326,0.903955867,0.146257834,7.221593614,0.859801368,0
0.909329044,0.848057259,0.054705164,7.856238229,0.74001251,0
0.313434436,0.926019291,0.111314971,7.823824366,0.870762868,0
0.673866422,0.87468586,0.065152799,7.82990527,0.769213388,0
0.472089461,0.916501102,0.082289859,7.886460666,0.827361877,0
0.77901348,0.909769527,0.06714495,7.745912996,0.797140195,0
0.805039828,0.912593979,0.06329279,7.774795483,0.792791309,0
0.359375,0.91469757,0.111148231,7.750623359,0.852018995,0
0.631847426,0.872869379,0.073153339,7.718372163,0.778501072,0
0.312668505,0.930287405,0.124214178,7.825341744,0.883034875,0
0.364185049,0.927990939,0.106418107,7.817680138,0.861538756,0
0.240441176,0.929645618,0.154176452,7.261991792,0.88612643,0
0.344837623,0.952397842,0.091352135,7.560553456,0.864471763,0
0.323268995,0.955215554,0.095000743,7.547766679,0.870414624,0
0.322242647,0.954684017,0.094922971,7.57275616,0.869849622,0
0.560585172,0.869063446,0.095089034,7.770350319,0.815168505,0
0.549448529,0.869607581,0.096816653,7.771869732,0.814624438,0
0.670925245,0.913202936,0.070353897,7.785289103,0.804128151,0
0.675842525,0.911888442,0.069825409,7.782628987,0.802652603,0
0.87041973,0.820553419,0.063187611,7.809358141,0.734044373,0
0.886320466,0.814356526,0.062603692,7.806098843,0.730130208,0
0.868872549,0.822927825,0.06229992,7.815358104,0.734637094,0
0.235891544,0.950031222,0.118670999,7.518085143,0.8896875,0
0.870113358,0.820313617,0.062389029,7.815805001,0.732916156,0
0.898008578,0.816607703,0.062287171,7.819529919,0.732289369,0
0.885248162,0.790110074,0.067367407,7.812235245,0.73488398,0
0.879473039,0.794308838,0.067624259,7.816415418,0.738095639,0
0.884114583,0.79236873,0.067643886,7.811472911,0.738479882,0
0.80479473,0.859601512,0.058112244,7.826187356,0.756144958,0
0.792953431,0.862429237,0.058218191,7.823921534,0.757296262,0
0.845848652,0.831796207,0.061745181,7.772847748,0.738950929,0
0.825291054,0.839955887,0.062161056,7.776656715,0.744053054,0
0.822901348,0.839701501,0.06217465,7.769705894,0.743460989,0
0.254718137,0.948704241,0.121968837,7.477377992,0.882128268,0
0.827129289,0.842804154,0.061364424,7.782206245,0.742802798,0
0.535171569,0.862268185,0.09681992,7.772073038,0.807425449,0
0.539629289,0.858230317,0.095387334,7.778485492,0.804929279,0
0.546737132,0.860442811,0.090128823,7.785242334,0.801627604,0
1.026210172,0.791011298,0.056987681,7.808269954,0.715403135,0
1.033792892,0.792090973,0.056419058,7.81695219,0.713835018,0
1.044102328,0.791156772,0.056129911,7.82425541,0.711892361,0
0.575352328,0.878540252,0.073724376,7.812979624,0.783109171,0
0.570435049,0.87886808,0.074063126,7.818176782,0.783970333,0
0.578507966,0.879814804,0.073356967,7.816524421,0.782620507,0
0.291007966,0.946953138,0.106363083,7.537563684,0.866794322,0
0.988664216,0.787947317,0.058294398,7.800081693,0.714590628,0
1.130928309,0.775116454,0.052098277,7.788867495,0.697551281,0
1.133011642,0.766734187,0.052976022,7.773017989,0.698001612,0
1.113786765,0.758676545,0.059024156,7.775330993,0.710044825,0
0.65870098,0.841964622,0.075254704,7.827818572,0.768884549,0
0.659206495,0.843921243,0.074135753,7.817236112,0.767039165,0
1.277113971,0.773237963,0.049792841,7.815786101,0.698336944,0
0.784972426,0.841005003,0.061657911,7.854210322,0.73590865,0
0.782061887,0.844553031,0.060084346,7.859582868,0.735210631,0
1.338556985,0.695470827,0.055018646,7.753543255,0.684275064,0
0.243949142,0.943006557,0.13841501,7.388772924,0.888320057,0
1.35591299,0.710526681,0.053993216,7.77226305,0.690326542,0
1.354748775,0.712819689,0.053372511,7.769711587,0.68953125,0
1.421170343,0.717965434,0.05228345,7.880586564,0.693191198,0
1.42901348,0.716564309,0.051723685,7.877607634,0.690236965,0
1.257261029,0.794919571,0.050984359,7.887496129,0.726938208,0
1.259880515,0.792242434,0.051299404,7.886812462,0.726732427,0
1.309742647,0.801209196,0.046736866,7.887669769,0.719773795,0
1.486979167,0.793567769,0.040962932,7.910267195,0.695589074,0
1.330269608,0.791949975,0.051688999,7.900271214,0.713983682,0
1.129289216,0.830273326,0.050165765,7.889035969,0.723913399,0
0.220741422,0.938165903,0.138647812,7.423417555,0.895326542,0
1.018995098,0.81480882,0.058141976,7.849910699,0.730928637,0
1.016176471,0.814483427,0.058124491,7.849401231,0.730742589,0
1.038495711,0.821071792,0.057336489,7.858981449,0.730309327,0
1.423238358,0.770585081,0.045597204,7.869812341,0.695042637,0
1.638434436,0.737407665,0.041625612,7.875338348,0.675610849,0
1.645113358,0.67468618,0.045787618,7.821593255,0.657851891,0
1.558854167,0.668948096,0.05211606,7.784519407,0.66741655,0
1.23481924,0.777256607,0.053774379,7.881810068,0.722246221,0
1.479335172,0.730875026,0.045359081,7.869959523,0.681170161,0
1.002910539,0.829769283,0.059177627,7.845402998,0.75183663,0
0.172855392,0.963018476,0.133784642,7.532581227,0.918563623,0
0.819056373,0.859035634,0.059254646,7.894076495,0.748000153,0
0.851011029,0.855911124,0.057884624,7.897263946,0.74448606,0
0.848069853,0.855923347,0.058333071,7.900421131,0.745551471,0
1.29598652,0.760968273,0.048414644,7.842220487,0.687985236,0
1.248897059,0.762069811,0.049578693,7.830722041,0.691082516,0
1.256847426,0.762455624,0.049325534,7.83091784,0.69104597,0
1.217830882,0.765922882,0.05015148,7.835458547,0.693092576,0
1.201087623,0.769587642,0.050394104,7.836698358,0.694299939,0
1.23314951,0.762629963,0.049637759,7.839390484,0.689935917,0
1.221568627,0.768048583,0.04955429,7.836498584,0.691505092,0
0.664261642,0.895565284,0.067883806,7.736107552,0.783327972,0
1.225704657,0.766395354,0.049661226,7.83957252,0.691863292,0
1.219454657,0.776092382,0.048737961,7.851696861,0.69441957,0
1.016927083,0.775680823,0.05729297,7.829106919,0.703228656,0
0.992095588,0.778978427,0.057889134,7.822612166,0.707062653,0
1.00859375,0.779923177,0.056348402,7.816215787,0.704561632,0
1.01997549,0.773133171,0.056832773,7.809105731,0.701537735,0
0.65791973,0.856297015,0.074702167,7.757299665,0.770631383,0
0.667340686,0.857899704,0.072833713,7.768376523,0.769180453,0
0.641911765,0.862757786,0.074879279,7.764097702,0.77552149,0
0.621721814,0.86844479,0.074745724,7.766737166,0.777581955,0
0.343458946,0.935553164,0.115237145,7.661872675,0.883870762,0
0.536672794,0.880697154,0.082670716,7.760457684,0.800814696,0
0.475321691,0.893166266,0.0894354,7.52526311,0.81995864,0
0.438740809,0.901541396,0.089304637,7.712305703,0.826559181,0
0.323743873,0.92075984,0.1062941,7.701511775,0.857974622,0
0.307169118,0.924188581,0.110007898,7.703675939,0.864606822,0
0.420281863,0.911033751,0.08851773,7.742303116,0.830725592,0
0.420695466,0.908359082,0.090221894,7.735130665,0.831094005,0
0.421507353,0.909184284,0.089982339,7.743428424,0.831709559,0
0.852282475,0.872885096,0.062684941,7.820901963,0.784881025,0
0.833578431,0.883322225,0.067903507,7.788062465,0.804658066,0
0.290548407,0.972736109,0.094199952,7.747247444,0.884797539,0
1.189996936,0.830411588,0.051511757,7.850486576,0.744465635,0
0.7640625,0.87684837,0.069061943,7.798009765,0.794205729,0
0.790625,0.867527957,0.068439573,7.791967209,0.790350797,0
0.712147672,0.907036909,0.064767982,7.865541594,0.805319029,0
0.699831495,0.880347134,0.067711922,7.768552854,0.794590482,0
0.681066176,0.881652436,0.069350518,7.761919205,0.797875562,0
0.694715074,0.909070691,0.064158663,7.894964998,0.806994886,0
0.601623775,0.905870145,0.082280833,7.817871657,0.828766413,0
0.62544424,0.903547589,0.080260223,7.823091186,0.825554279,0
0.471660539,0.923113063,0.081217519,7.867678603,0.833426522,0
0.521001838,0.905062911,0.085263546,7.731893263,0.823500051,0
0.413434436,0.92856846,0.084662428,7.677351379,0.841036816,0
0.473973652,0.925747562,0.079501717,7.897291418,0.832317198,0
0.458517157,0.927591581,0.081900348,7.895220992,0.83567836,0
0.548529412,0.875061708,0.082606357,7.81004686,0.8003822,0
0.404074755,0.900834377,0.102327046,7.775367773,0.840263736,0
0.485799632,0.886940791,0.087049713,7.796146459,0.817382557,0
1.016176471,0.814483427,0.058124491,7.849401231,0.730742589,0
0.819056373,0.859035634,0.059254646,7.894076495,0.748000153,0
0.860968137,0.835391888,0.078333767,7.802939582,0.785681934,0
0.855974265,0.836651673,0.078168151,7.805770712,0.785332414,0
0.837990196,0.842632284,0.078856679,7.819300025,0.786674837,0
0.844577206,0.840915603,0.078872651,7.816910025,0.788577155,0
0.911887255,0.815546692,0.071812174,7.856931274,0.767549275,0
0.983884804,0.802411406,0.068315564,7.85249316,0.758030535,0
0.987117034,0.803537067,0.068471349,7.852735243,0.760455912,0
0.99296875,0.803040505,0.068555248,7.846901496,0.76087918,0
0.776547181,0.846711306,0.078322542,7.865345072,0.781846405,0
0.795894608,0.842966948,0.079182125,7.871367458,0.781767514,0
0.851011029,0.855911124,0.057884624,7.897263946,0.74448606,0
0.753890931,0.839066439,0.084897134,7.851540656,0.788159212,0
0.787193627,0.834924969,0.080592242,7.866422145,0.779824346,0
0.772686887,0.835052429,0.084646966,7.855489699,0.78615962,0
0.716498162,0.836781209,0.091936657,7.833457624,0.793529412,0
0.712101716,0.829836405,0.09481839,7.82633569,0.794493975,0
0.666559436,0.826381079,0.102071506,7.823840478,0.804199346,0
0.598085172,0.85188384,0.101726258,7.816657096,0.821291616,0
1.014583333,0.832445346,0.062592349,7.86997678,0.754705262,0
1.510508578,0.718183318,0.048398139,7.853381996,0.686699456,0
1.398514093,0.788165863,0.046284846,7.890955058,0.704669519,0
0.848069853,0.855923347,0.058333071,7.900421131,0.745551471,0
1.07388174,0.84115272,0.047281036,7.886464894,0.724427667,0
0.568627451,0.923981109,0.065367857,7.875173291,0.811255106,0
0.571829044,0.92231379,0.065948984,7.856213936,0.810594253,0
1.29598652,0.760968273,0.048414644,7.842220487,0.687985236,0
1.248897059,0.762069811,0.049578693,7.830722041,0.691082516,0
1.256847426,0.762455624,0.049325534,7.83091784,0.69104597,0
1.217830882,0.765922882,0.05015148,7.835458547,0.693092576,0
1.201087623,0.769587642,0.050394104,7.836698358,0.694299939,0
1.23314951,0.762629963,0.049637759,7.839390484,0.689935917,0
1.221568627,0.768048583,0.04955429,7.836498584,0.691505092,0
1.038495711,0.821071792,0.057336489,7.858981449,0.730309327,0
1.225704657,0.766395354,0.049661226,7.83957252,0.691863292,0
1.219454657,0.776092382,0.048737961,7.851696861,0.69441957,0
1.016927083,0.775680823,0.05729297,7.829106919,0.703228656,0
0.992095588,0.778978427,0.057889134,7.822612166,0.707062653,0
1.00859375,0.779923177,0.056348402,7.816215787,0.704561632,0
1.01997549,0.773133171,0.056832773,7.809105731,0.701537735,0
0.65791973,0.856297015,0.074702167,7.757299665,0.770631383,0
0.667340686,0.857899704,0.072833713,7.768376523,0.769180453,0
0.641911765,0.862757786,0.074879279,7.764097702,0.77552149,0
0.621721814,0.86844479,0.074745724,7.766737166,0.777581955,0
1.423238358,0.770585081,0.045597204,7.869812341,0.695042637,0
0.536672794,0.880697154,0.082670716,7.760457684,0.800814696,0
0.475321691,0.893166266,0.0894354,7.52526311,0.81995864,0
0.438740809,0.901541396,0.089304637,7.712305703,0.826559181,0
0.323743873,0.92075984,0.1062941,7.701511775,0.857974622,0
0.307169118,0.924188581,0.110007898,7.703675939,0.864606822,0
0.420281863,0.911033751,0.08851773,7.742303116,0.830725592,0
0.420695466,0.908359082,0.090221894,7.735130665,0.831094005,0
0.421507353,0.909184284,0.089982339,7.743428424,0.831709559,0
0.852282475,0.872885096,0.062684941,7.820901963,0.784881025,0
0.833578431,0.883322225,0.067903507,7.788062465,0.804658066,0
1.638434436,0.737407665,0.041625612,7.875338348,0.675610849,0
1.189996936,0.830411588,0.051511757,7.850486576,0.744465635,0
0.7640625,0.87684837,0.069061943,7.798009765,0.794205729,0
0.790625,0.867527957,0.068439573,7.791967209,0.790350797,0
0.712147672,0.907036909,0.064767982,7.865541594,0.805319029,0
0.699831495,0.880347134,0.067711922,7.768552854,0.794590482,0
0.681066176,0.881652436,0.069350518,7.761919205,0.797875562,0
0.694715074,0.909070691,0.064158663,7.894964998,0.806994886,0
0.601623775,0.905870145,0.082280833,7.817871657,0.828766413,0
0.62544424,0.903547589,0.080260223,7.823091186,0.825554279,0
0.471660539,0.923113063,0.081217519,7.867678603,0.833426522,0
1.645113358,0.67468618,0.045787618,7.821593255,0.657851891,0
0.473973652,0.925747562,0.079501717,7.897291418,0.832317198,0
0.458517157,0.927591581,0.081900348,7.895220992,0.83567836,0
0.548529412,0.875061708,0.082606357,7.81004686,0.8003822,0
0.404074755,0.900834377,0.102327046,7.775367773,0.840263736,0
0.485799632,0.886940791,0.087049713,7.796146459,0.817382557,0
1.059497549,0.75162068,0.061640191,7.852711409,0.720125868,0
0.981158088,0.763276314,0.064832614,7.856934582,0.7283678,0
0.647288603,0.790697961,0.099943112,7.665197161,0.782665441,0
0.712025123,0.804147117,0.081842127,7.746981033,0.765967116,0
0.530039828,0.932860295,0.07898588,7.921969319,0.830522876,0
1.558854167,0.668948096,0.05211606,7.784519407,0.66741655,0
0.578354779,0.923109649,0.076222069,7.900042067,0.820773846,0
1.011734069,0.909520985,0.065676122,7.652892534,0.784177426,0
0.997457108,0.862823164,0.054502819,7.859921116,0.758751714,0
1.166207108,0.843092553,0.051485168,7.865249499,0.74224396,0
1.130177696,0.85541194,0.053121877,7.903432101,0.755046138,0
0.551822917,0.910859443,0.084916005,7.769479061,0.829719669,0
0.503615196,0.908759594,0.088080622,7.747647427,0.834118158,0
0.696109069,0.908228765,0.065493306,7.890917987,0.809521475,0
0.93604473,0.859794972,0.058643957,7.80704783,0.761892616,0
0.570925245,0.897916226,0.07232275,7.71932698,0.798514859,0
1.23481924,0.777256607,0.053774379,7.881810068,0.722246221,0
0.693290441,0.876844765,0.071553367,7.741304616,0.786174829,0
1.001976103,0.839749757,0.05593534,7.79786044,0.749713797,0
1.482904412,0.810360224,0.041565448,7.862003782,0.69653117,0
1.872503064,0.798261549,0.038298775,7.92481544,0.680009009,0
1.881678922,0.79447958,0.038943447,7.920253109,0.682548728,0
1.237208946,0.839441232,0.051407172,7.849847127,0.732936581,0
1.200045956,0.843757464,0.053561565,7.830356679,0.738089475,0
0.859911152,0.860404657,0.0696009,7.754620998,0.790629778,0
0.703370098,0.865882947,0.076545688,7.701987664,0.787551573,0
1.168581495,0.830719452,0.065921787,7.724341071,0.75054217,0
1.479335172,0.730875026,0.045359081,7.869959523,0.681170161,0
1.151577819,0.833175918,0.067045439,7.721042492,0.752304542,0
0.763357843,0.818750048,0.081662055,7.590315371,0.78349024,0
0.948697917,0.827866915,0.060962939,7.688269964,0.751567679,0
0.825658701,0.825256784,0.069657289,7.790957756,0.764759498,0
0.532245711,0.914240364,0.098877381,7.78039548,0.843160999,0
0.542417279,0.90807724,0.102384435,7.768441735,0.842419577,0
0.513158701,0.912440699,0.107178362,7.677706955,0.846459099,0
0.505989583,0.91937093,0.086126819,7.790851718,0.841154259,0
0.383609069,0.936748258,0.101332607,7.782361179,0.867285029,0
0.418183211,0.93261395,0.099541826,7.791638475,0.865474877,0
1.002910539,0.829769283,0.059177627,7.845402998,0.75183663,0
0.479901961,0.882342037,0.12386951,7.674885532,0.843540645,0
0.489767157,0.882031732,0.120046734,7.698130453,0.840195823,0
0.485248162,0.881625771,0.121398803,7.692052139,0.841746834,0
0.498468137,0.881373083,0.117955764,7.700104922,0.839606056,0
0.488572304,0.884647287,0.11971879,7.701857924,0.843431373,0
0.457797181,0.888031193,0.108850268,7.69053782,0.841194598,0
0.469439338,0.887366134,0.106652359,7.699573244,0.839444444,0
0.469132966,0.890155462,0.104881237,7.708783662,0.839157731,0
0.464123775,0.89202224,0.105279574,7.710548673,0.840507047,0
0.860631127,0.839375907,0.078310552,7.817409185,0.785001532,0
0.326240809,0.956765316,0.101743784,7.674116023,0.888361928,1
0.460386029,0.931849439,0.077499195,7.878578049,0.83876251,1
0.315640319,0.94586082,0.097107254,7.655584053,0.869535846,1
0.523498775,0.929546372,0.076869329,7.775445898,0.824523226,1
1.006541054,0.852393997,0.069688938,7.763320806,0.767645746,1
0.601853554,0.91434475,0.071800158,7.903819018,0.807619631,1
0.988648897,0.875219178,0.055747092,7.884407949,0.746699711,1
0.557414216,0.898943393,0.085312038,7.620974342,0.811636795,1
0.40166973,0.940560978,0.084988402,7.797501608,0.861193576,1
0.448560049,0.907446604,0.099056846,7.536655143,0.844596609,1
0.385431985,0.923967668,0.099857235,7.596391399,0.850885672,1
0.650490196,0.862877317,0.074956691,7.620264811,0.789858303,1
0.496966912,0.925981063,0.080737852,7.893706502,0.836561223,1
0.582107843,0.890245159,0.074967932,7.681221605,0.803720639,1
0.358195466,0.954932051,0.101061548,7.687726186,0.872540339,1
0.639108456,0.924402479,0.064168043,7.915949248,0.796767551,1
0.62622549,0.926351486,0.093315674,7.761474648,0.843064455,1
0.582306985,0.931742951,0.100763361,7.578545233,0.827395396,1
0.612928922,0.931894699,0.098646848,7.608943523,0.832646876,1
0.747794118,0.916024102,0.064349008,7.884027452,0.797361221,1
0.501623775,0.905427983,0.077503568,7.645629547,0.812818883,1
0.528201593,0.897286744,0.075717856,7.640187977,0.803402778,1
0.462377451,0.87742021,0.098072539,7.418648465,0.821162429,1
0.44833027,0.910697401,0.089013633,7.603494989,0.835672488,1
1.004457721,0.885628498,0.05369364,7.902772106,0.757083042,1
0.545052083,0.937335991,0.090718443,7.75890474,0.83885165,1
0.572901348,0.895478446,0.075711566,7.705293263,0.812988409,1
0.311764706,0.959573062,0.096022899,7.829813388,0.890935968,1
0.419791667,0.952957104,0.082418308,7.874772419,0.85967116,1
0.446783088,0.92985596,0.0978632,7.76695272,0.844726563,1
0.411305147,0.920197705,0.095948741,7.653536294,0.857084355,1
0.483563113,0.927430146,0.076734738,7.816118405,0.832987132,1
0.649846814,0.897722624,0.073484335,7.733339402,0.800649254,1
0.472334559,0.926196259,0.092681936,7.736004402,0.85408752,1
0.455193015,0.94352398,0.10271537,7.790991844,0.870911349,1
0.331632966,0.958656742,0.098974873,7.770083074,0.887672079,1
0.307981005,0.964911338,0.078208411,7.954238484,0.866896701,1
0.3140625,0.961214401,0.080490083,7.934333953,0.86479039,1
0.474448529,0.881254459,0.104518888,7.57683072,0.832438215,1
0.245971201,0.939027494,0.143430777,7.501090916,0.896103196,1
0.492876838,0.928775209,0.074656239,7.872215659,0.821092729,1
0.460738358,0.927709185,0.073836311,7.904545949,0.813517667,1
0.44129902,0.940924772,0.083452713,7.909335323,0.832772672,1
0.671966912,0.916247574,0.078975716,7.917705063,0.79512244,1
0.382751225,0.934975329,0.101579915,7.771177429,0.863312143,1
0.530147059,0.904242473,0.087974749,7.827287924,0.830293862,1
0.398560049,0.923013745,0.099108823,7.627400601,0.850239992,1
0.388005515,0.937247834,0.082026736,7.749032594,0.849487847,1
0.251256127,0.943797372,0.116982891,7.674869718,0.889753625,1
0.382873775,0.931995676,0.120922884,7.792813582,0.868785999,1
0.286734069,0.962442537,0.091490862,7.937538028,0.89126634,1
0.433011642,0.92928629,0.089447923,7.866638379,0.85113511,1
0.482965686,0.90798621,0.097234378,7.834268019,0.831888531,1
0.633900123,0.908810115,0.075842727,7.828978402,0.808139042,1
0.649050245,0.916178296,0.079205816,7.854452742,0.81036152,1
0.251348039,0.948215408,0.111902894,7.795656906,0.892135672,1
0.269132966,0.93994532,0.119021766,7.783563803,0.891444802,1
0.30346201,0.936135102,0.112990546,7.851170556,0.88247983,1
0.314430147,0.947751938,0.112582367,7.724967019,0.880075061,1
0.546047794,0.917005695,0.10191369,7.720027612,0.845433772,1
0.481954657,0.885586938,0.09709354,7.790828606,0.830832057,1
0.624708946,0.848776521,0.090607856,7.796150218,0.80203125,1
0.42075674,0.843851464,0.139979174,7.658811024,0.844087776,1
0.65067402,0.766674733,0.113069981,7.660704639,0.793567453,1
0.550061275,0.903858898,0.075930016,7.827778209,0.805595384,1
0.259420956,0.944559197,0.1140919,7.802123654,0.891380208,1
0.305070466,0.922795536,0.121061331,7.754757193,0.879752859,1
0.32846201,0.92106439,0.113773583,7.759127692,0.864955576,1
0.276332721,0.932617811,0.124800474,7.757052335,0.886410846,1
0.298360907,0.935899246,0.112212048,7.790400085,0.883104575,1
0.27354473,0.942466592,0.11887377,7.78476257,0.886011795,1
0.425398284,0.921710434,0.08543428,7.868303988,0.842003676,1
0.385845588,0.930789207,0.085635397,7.864220694,0.848153595,1
0.4546875,0.912567623,0.084200271,7.837148927,0.828501838,1
0.274188113,0.936973707,0.115617404,7.808050871,0.883790594,1
0.188265931,0.929291986,0.195009438,7.523861567,0.91365962,1
0.450291054,0.900702909,0.091588055,7.889978881,0.82827691,1
0.455223652,0.936012515,0.091766116,7.896328554,0.848263378,1
0.566467525,0.87252028,0.084885505,7.901461209,0.803275378,1
0.295588235,0.966471255,0.087779612,7.974121329,0.886449908,1
0.342723652,0.964351033,0.084753647,7.978717563,0.882506383,1
0.503109681,0.943021719,0.082277181,7.898200993,0.856487329,1
0.522579657,0.93549959,0.09150395,7.878792005,0.850133564,1
0.552542892,0.932301496,0.06148217,7.94148716,0.815021191,1
0.505514706,0.942054354,0.066514236,7.933185827,0.832649648,1
0.570465686,0.936168499,0.064017133,7.940983212,0.824522351,1
0.317003676,0.914019947,0.118213422,7.595547473,0.865738613,1
0.688648897,0.878742995,0.071738997,7.802058605,0.793007047,1
0.437515319,0.860100624,0.118184854,7.524007693,0.83347018,1
0.402159926,0.89452488,0.124761791,7.63035616,0.853502604,1
0.307000613,0.953482362,0.093096532,7.766813059,0.878015217,1
0.585784314,0.911488768,0.072042193,7.809673033,0.813953482,1
0.740824142,0.8921249,0.063473923,7.88295047,0.788285991,1
0.367769608,0.929674428,0.102007812,7.764734957,0.871594924,1
0.416253064,0.919892342,0.101033468,7.703442609,0.859586652,1
0.344301471,0.925486013,0.114341246,7.69796949,0.873735703,1
0.503599877,0.939760335,0.076844166,7.871567937,0.841378932,1
0.451776961,0.939823519,0.078923112,7.83312748,0.841768025,1
0.551011029,0.916981596,0.108991911,7.829896231,0.847058824,1
0.778262868,0.864559785,0.062084923,7.835837265,0.764315403,1
0.507858456,0.867641871,0.091621832,7.680316848,0.814024459,1
0.461458333,0.932856691,0.081339575,7.904160261,0.850512919,1
0.363664216,0.940166267,0.091305688,7.856728317,0.870123315,1
0.461887255,0.908867632,0.087911798,7.698367962,0.833363205,1
0.419255515,0.91675796,0.092075452,7.693971313,0.845073019,1
0.404090074,0.895804836,0.104901359,7.577057479,0.837770118,1
0.474479167,0.889225676,0.090652322,7.64513206,0.818034875,1
0.309083946,0.943878646,0.099425646,7.563232705,0.874237388,1
0.321905637,0.944548221,0.092270869,7.674903465,0.86765625,1
0.532398897,0.902896874,0.072666954,7.827830382,0.803805658,1
0.472365196,0.908869798,0.086062852,7.766363057,0.835958691,1
0.603753064,0.884070239,0.071405649,7.791590357,0.788438011,1
0.945664828,0.855642172,0.056097052,7.864175674,0.753702002,1
0.826914828,0.874895733,0.064722549,7.851570332,0.774246214,1
0.488036152,0.941020004,0.080382127,7.870064832,0.854769236,1
0.882092525,0.911449797,0.057438202,7.944644321,0.79680654,1
0.763848039,0.915570809,0.062974995,7.915141914,0.811772766,1
0.607383578,0.901116976,0.071673344,7.803236537,0.811509395,1
0.661136642,0.892085635,0.069997369,7.784091659,0.802662523,1
0.548299632,0.921671299,0.072368375,7.844762066,0.828183211,1
0.587469363,0.915602643,0.070270081,7.850435906,0.821533139,1
0.636657475,0.877434787,0.080552279,7.834126683,0.802510212,1
0.667156863,0.911781665,0.068715799,7.851714674,0.812075309,1
0.684497549,0.885571447,0.078776199,7.798728398,0.82050329,1
0.659053309,0.889933,0.080283611,7.799722285,0.82411141,1
0.483409926,0.933524967,0.08207934,7.61441257,0.841714665,1
0.679411765,0.891917846,0.071217406,7.820964689,0.80937438,1
0.67198223,0.893913654,0.071379938,7.825660793,0.811028281,1
0.777864583,0.891229124,0.065819539,7.848031233,0.800622447,1
0.738419118,0.913499396,0.067743068,7.843084494,0.80831083,1
1.145787377,0.79902515,0.078508763,7.672723175,0.744128881,1
1.213250613,0.798698845,0.072972466,7.703313356,0.733438011,1
0.489338235,0.91809154,0.090909936,7.705344439,0.821101409,1
0.819286152,0.813362153,0.088463229,7.70724331,0.792703118,1
0.876378676,0.811722265,0.086060633,7.720763602,0.779419935,1
1.310814951,0.754118593,0.0617686,7.643906632,0.718828052,1
0.825382966,0.814352471,0.07643714,7.635452,0.77956444,1
0.97120098,0.827145551,0.069562136,7.752615563,0.768355035,1
0.912270221,0.842152506,0.06533392,7.751728133,0.767176048,1
0.488878676,0.927167203,0.07804062,7.789433084,0.834449551,1
0.406219363,0.944481385,0.080910783,7.809665217,0.857523999,1
0.575459559,0.907941584,0.08484133,7.646519694,0.829075047,1
0.626332721,0.912964809,0.068272886,7.78997932,0.798077257,1
0.458823529,0.939316651,0.081659095,7.865738829,0.851620857,1
0.526654412,0.926032613,0.072853801,7.775598445,0.815225694,1
0.561734069,0.90553319,0.081524914,7.680300735,0.822963644,1
0.576148897,0.905143363,0.077978999,7.695293977,0.817807904,1
0.57901348,0.905219024,0.080495588,7.696821656,0.824003523,1
0.3609375,0.950674137,0.082598485,7.818264644,0.862355494,1
0.358792892,0.949931694,0.083560616,7.813943419,0.863531965,1
0.74229473,0.879889843,0.07777703,7.732313646,0.818236024,1
0.486534926,0.914670833,0.090575218,7.682074502,0.848508768,1
0.475275735,0.917807893,0.091097427,7.690643976,0.851733813,1
0.437591912,0.918608047,0.095965863,7.607921196,0.854498971,1
0.702466299,0.883274111,0.080797706,7.921852375,0.801469822,1
0.83838848,0.842258672,0.076233834,7.645064783,0.787844086,1
0.869669118,0.837453048,0.074871168,7.648071576,0.784591503,1
0.645726103,0.8983582,0.072814045,7.755085372,0.807398532,1
0.538311887,0.914019792,0.08209665,7.727011696,0.828159722,1
0.560876225,0.889339283,0.093742948,7.641521241,0.826700878,1
0.621844363,0.879741814,0.090415216,7.648441562,0.817206393,1
1.23783701,0.78781217,0.052171333,7.721100994,0.717391748,1
0.830560662,0.903252979,0.081617819,7.743370902,0.816782651,1
0.784926471,0.904944406,0.070901543,7.845194117,0.824214483,1
0.808792892,0.901820063,0.069588887,7.841973896,0.820145673,1
0.389139093,0.938642585,0.091013556,7.879765446,0.854672181,1
0.565533088,0.921295215,0.089567068,7.715758464,0.844514655,1
0.836335784,0.853731245,0.065069692,7.731605232,0.77207199,1
0.971813725,0.832880926,0.065038693,7.750266039,0.770156141,1
1.030284926,0.826453022,0.06282336,7.760316871,0.763210638,1
1.200245098,0.842876957,0.063056467,7.72031666,0.735601329,1
1.258884804,0.839739339,0.061962002,7.733979678,0.731329474,1
0.829442402,0.878808062,0.082269865,7.687756168,0.79308178,1
0.829442402,0.878808062,0.082269865,7.687756168,0.79308178,1
1.28794424,0.811626443,0.047906403,7.830345711,0.707450178,1
1.524264706,0.777294049,0.042964911,7.835148799,0.68413096,1
0.465625,0.913969921,0.090751832,7.793634458,0.843156914,1
1.119485294,0.82504588,0.060627776,7.758894573,0.742807211,1
0.754534314,0.8531894,0.07644948,7.673653288,0.781384074,1
0.767922794,0.833621313,0.100414426,7.645636819,0.798669905,1
0.824816176,0.824299542,0.097999924,7.653964645,0.793318161,1
1.22689951,0.82722235,0.051609598,7.854335353,0.732087127,1
0.8421875,0.852616243,0.073448986,7.739532486,0.777876328,1
0.791819853,0.860448658,0.074216084,7.716383425,0.783014086,1
1.042601103,0.837704636,0.058408329,7.839717113,0.753519163,1
0.859283088,0.855712676,0.069188721,7.725370748,0.776604918,1
1.001271446,0.860445404,0.060053957,7.819413705,0.763737599,1
0.188771446,0.959667566,0.140345326,7.769907653,0.916742494,1
1.144960172,0.770845381,0.053012965,7.741433658,0.697200266,1
1.053308824,0.786624401,0.055327896,7.750512244,0.706669621,1
1.246859681,0.767020029,0.048308981,7.778032288,0.684592014,1
0.760891544,0.889228923,0.070399449,7.76021822,0.787572253,1
0.811427696,0.882605533,0.064795946,7.8432326,0.78577432,1
1.102190564,0.859020276,0.05191207,7.886084927,0.745813857,1
1.137775735,0.857484918,0.048825115,7.898541307,0.743447038,1
1.005897672,0.880079958,0.06264831,7.84023967,0.772271825,1
0.922794118,0.89102632,0.060897534,7.855771809,0.777706291,1
0.565196078,0.914369569,0.091482688,7.769564258,0.843881375,1
0.272457108,0.945844281,0.106410334,7.764279963,0.882879647,1
0.573498775,0.913723089,0.093966261,7.755777749,0.846783599,1
0.525490196,0.917636529,0.094750587,7.759245074,0.854586616,1
1.078599877,0.887837986,0.109806438,7.576605405,0.771170343,1
1.099770221,0.884068149,0.099471912,7.622746663,0.766422152,1
0.840379902,0.927860934,0.117321017,7.627847433,0.799992924,1
0.767202819,0.927498982,0.105839051,7.655144327,0.804768433,1
0.715303309,0.928668501,0.085989292,7.748411177,0.803852124,1
1.258241422,0.829393017,0.057894914,7.798655146,0.74675081,1
1.392999387,0.837508148,0.045793054,7.878240677,0.714829635,1
0.921721814,0.880139057,0.057647095,7.816418593,0.767347726,1
0.552129289,0.912187273,0.117579499,7.786517408,0.845057955,1
0.246017157,0.94951708,0.117555646,7.794713159,0.891921467,1
0.829610907,0.852427437,0.074932075,7.776530924,0.789710879,1
0.898360907,0.858272768,0.067638004,7.834423372,0.789984608,1
0.887714461,0.866569783,0.066857135,7.856240304,0.793729575,1
0.514874387,0.930878073,0.083864671,7.826209905,0.839689688,1
0.458057598,0.935827854,0.088994506,7.819798313,0.852415383,1
0.441942402,0.938884728,0.08670049,7.833931997,0.855669424,1
0.593719363,0.935018292,0.086185918,7.796929042,0.820776581,1
0.462009804,0.93201957,0.084255699,7.723159565,0.84601154,1
1.127251838,0.753964103,0.078264288,7.670437951,0.738209143,1
0.566911765,0.923331708,0.069329415,7.778802121,0.813757659,1
0.18236826,0.955830644,0.14060737,7.736597229,0.914416105,1
0.52533701,0.87853447,0.09757783,7.750210397,0.825066636,1
0.570373775,0.905409582,0.071087007,7.830694029,0.799840686,1
0.84408701,0.902019225,0.057194466,7.8522471,0.778592473,1
0.586075368,0.910941504,0.068292658,7.786196668,0.804217984,1
0.531969975,0.907546753,0.077858207,7.834191508,0.815658701,1
0.354733456,0.953430075,0.086901401,7.744736311,0.869225643,1
0.37666973,0.950173888,0.084866741,7.763637732,0.865285182,1
0.376286765,0.949980482,0.085232348,7.751218748,0.864590482,1
0.453860294,0.920065518,0.098150632,7.559692068,0.839613715,1
1.019577206,0.770137622,0.063952687,7.820032347,0.717241516,1
0.60502451,0.900960417,0.086042605,7.775659193,0.815148846,1
0.802297794,0.825303738,0.068031929,7.832873663,0.758079555,1
0.688909314,0.845978532,0.074407696,7.812569573,0.778541667,1
0.616881127,0.865315654,0.088303414,7.731841418,0.817930709,1
0.645879289,0.856152525,0.088563216,7.716225365,0.810735294,1
0.642616422,0.855205475,0.088690634,7.717486852,0.809733711,1
0.631954657,0.860805323,0.088353536,7.726359708,0.812605699,1
0.573054534,0.873731812,0.087853981,7.718588947,0.817317198,1
0.576148897,0.876768155,0.085465349,7.729021479,0.816423866,1
0.574448529,0.877862906,0.086038002,7.733093838,0.817871987,1
0.572043505,0.877510227,0.087170104,7.731758894,0.81910386,1
0.430070466,0.934454608,0.091949436,7.779440493,0.851592371,1
0.460125613,0.914532183,0.09814582,7.721361722,0.864744179,1
0.449816176,0.915362995,0.098612976,7.712177663,0.865760315,1
0.455499387,0.915149791,0.097486295,7.718174294,0.863904973,1
0.548284314,0.873258501,0.100693918,7.577259835,0.831752706,1
0.539981618,0.873095229,0.103020843,7.567400473,0.833163698,1
0.486504289,0.882738691,0.107257731,7.561416724,0.84169807,1
0.507000613,0.87013923,0.10724699,7.533002031,0.836374081,1
0.487193627,0.879574371,0.108846233,7.558572783,0.843631536,1
0.438189338,0.927886133,0.09745447,7.794853598,0.859692351,1
0.597166054,0.910406559,0.094038689,7.706573818,0.836465227,1
0.405223652,0.913586076,0.115864977,7.719907664,0.86276731,1
0.603155637,0.909892374,0.092801075,7.723734662,0.8370721,1
0.605101103,0.882065858,0.093805674,7.606008624,0.830964563,1
0.601731005,0.884383012,0.093667546,7.608849743,0.83148412,1
0.529672181,0.898908202,0.092969423,7.604494316,0.831667943,1
0.5890625,0.888086014,0.095101461,7.599483384,0.830361009,1
0.272028186,0.930794437,0.13652065,7.51279508,0.89297309,1
0.275597426,0.929712057,0.137021272,7.518742292,0.891763429,1
0.269577206,0.932522811,0.135507991,7.523209785,0.893299632,1
0.332858456,0.876037031,0.155320129,7.453692249,0.876355699,1
0.328615196,0.877754837,0.153957946,7.443670874,0.877020272,1
0.399433211,0.913048566,0.11277605,7.714100623,0.858606516,1
0.272901348,0.90754651,0.149768775,7.408419627,0.889308619,1
0.266697304,0.913078333,0.148543297,7.455952689,0.892093035,1
0.284283088,0.907438316,0.145870736,7.483640523,0.885311989,1
0.244209559,0.912573956,0.156613069,7.400155374,0.893980801,1
0.289751838,0.894144923,0.172244566,7.390751518,0.885933926,1
0.313633578,0.890560375,0.170223802,7.456017892,0.880610192,1
0.352374387,0.883325984,0.178831847,7.517273084,0.874805198,1
0.339031863,0.890288902,0.174030316,7.553573953,0.876972273,1
0.534175858,0.891617347,0.087364456,7.711296055,0.819428615,1
0.521844363,0.893442048,0.088619884,7.703682053,0.821058772,1
0.4765625,0.953647583,0.087761275,7.786869226,0.86825736,1
0.708318015,0.869247801,0.07201012,7.745354958,0.791406761,1
0.686565564,0.918913616,0.082171011,7.418915755,0.805691381,1
0.680407475,0.929500803,0.085017883,7.330142604,0.811472886,1
0.687025123,0.928211688,0.083691558,7.33721858,0.810012766,1
0.672686887,0.930157636,0.099577676,7.263475377,0.820067402,1
0.64453125,0.876045611,0.076314281,7.762430905,0.79751634,1
0.65848652,0.875539588,0.074695107,7.762987918,0.794975746,1
0.642708333,0.877683112,0.075936198,7.757631927,0.797608507,1
0.65424326,0.87699905,0.07432962,7.75846317,0.795681679,1
0.64966299,0.852823291,0.089571462,7.665557231,0.798079555,1
0.52567402,0.947796969,0.084069476,7.801598118,0.856394652,1
0.64888174,0.851469553,0.089593529,7.651366959,0.798454861,1
0.67801777,0.842697906,0.089066346,7.68463187,0.79529616,1
0.583471201,0.887505085,0.079772509,7.76302809,0.811726154,1
0.509068627,0.896522305,0.091731288,7.732868268,0.833452053,1
0.498621324,0.898163613,0.091553339,7.730384213,0.833878166,1
0.437729779,0.913954124,0.091759545,7.755354875,0.843882251,1
0.438863358,0.916871955,0.09000926,7.760674609,0.844615502,1
0.445940564,0.914162958,0.09117048,7.721155755,0.844142412,1
0.558440564,0.864899014,0.099468683,7.769225746,0.819809794,1
0.886443015,0.782794711,0.069265385,7.720657891,0.726596967,1
0.534742647,0.943214344,0.074341394,7.880647851,0.84510289,1
0.952129289,0.723652936,0.077493854,7.786095176,0.724281812,1
0.842356005,0.776394989,0.076391127,7.706923275,0.748112745,1
0.836335784,0.779816757,0.077243532,7.7114605,0.752086652,1
0.841253064,0.779955673,0.076137938,7.708025617,0.750294884,1
0.854044118,0.774307474,0.076388281,7.702289275,0.747630974,1
1.057107843,0.747227637,0.064200592,7.758515404,0.717825521,1
1.089077819,0.755065686,0.060306814,7.814750193,0.705598448,1
1.087086397,0.751536065,0.060660987,7.793941405,0.708333844,1
0.770572917,0.781850375,0.081778365,7.72832637,0.756458078,1
0.789276961,0.773321086,0.081720393,7.724988247,0.754009906,1
0.422334559,0.933464823,0.102412545,7.75999257,0.865174778,1
0.438265931,0.934432556,0.083634479,7.897569777,0.860636744,1
0.786320466,0.779195799,0.080116722,7.738717155,0.752997089,1
0.791161152,0.776208535,0.07950155,7.736993407,0.751740451,1
0.790992647,0.777291848,0.080172057,7.747072166,0.753166105,1
1.195572917,0.763605898,0.053710889,7.787962011,0.694646541,1
1.204151348,0.763233516,0.053241527,7.787074882,0.693357734,1
1.085738358,0.802286355,0.069451418,7.88050596,0.742073632,1
1.087193627,0.803340127,0.069001688,7.884739363,0.741626328,1
1.072273284,0.810766809,0.070414135,7.892099151,0.744359681,1
1.193795956,0.797500589,0.064987567,7.863152521,0.732401341,1
1.24799326,0.798356498,0.065061427,7.846156732,0.729830875,1
0.347334559,0.941183988,0.115425057,7.607172941,0.882844414,1
0.329748775,0.956871576,0.103999775,7.856526612,0.887174734,1
0.652052696,0.845231512,0.077584776,7.721642604,0.779514655,1
0.64497549,0.848973675,0.077461728,7.724812748,0.781752451,1
0.667279412,0.845767456,0.075125284,7.733080407,0.776773897,1
0.65692402,0.850075205,0.075150975,7.74057435,0.778685917,1
0.304901961,0.930367057,0.128451043,7.630358555,0.886169577,1
0.399310662,0.91923849,0.099159847,7.694033034,0.855237183,1
0.513403799,0.908616748,0.080394872,7.746000226,0.825547386,1
0.842325368,0.819043266,0.078389455,7.771359941,0.77862694,1
0.841681985,0.825501313,0.075071822,7.775517062,0.777938879,1
0.937898284,0.801087755,0.062980195,7.798296313,0.742840074,1
0.369240196,0.950453596,0.097166393,7.837533141,0.874369383,1
0.567953431,0.866297892,0.092480681,7.57155406,0.804004545,1
0.497886029,0.898181408,0.086448923,7.620695292,0.813069342,1
0.628615196,0.852495128,0.085527018,7.767623364,0.79587163,1
0.794929534,0.872078808,0.059323016,7.831020457,0.765639042,1
1.015226716,0.802020313,0.059684505,7.828215313,0.732371579,1
0.98471201,0.817057067,0.060591237,7.831810745,0.741084048,1
1.035186887,0.815461611,0.056268221,7.842828294,0.733299377,1
1.102405025,0.766476207,0.086219144,7.668884961,0.749123775,1
1.116115196,0.770123018,0.082490291,7.676629679,0.747688054,1
1.098866422,0.76905359,0.078033765,7.669430684,0.748225082,1
0.989215686,0.86562328,0.06012842,7.819439477,0.756021242,1
1.123958333,0.808765734,0.049736132,7.745548441,0.715045956,1
1.082261029,0.798505458,0.052293348,7.660787549,0.714289617,1
1.167876838,0.774098949,0.077970038,7.674302668,0.724114583,1
0.596966912,0.894546191,0.074278815,7.687435163,0.803964971,1
0.594071691,0.900212557,0.073076071,7.701866415,0.805020425,1
0.611427696,0.88827563,0.075813838,7.760865541,0.801724112,1
0.579090074,0.89631526,0.075903534,7.749930996,0.805075827,1
0.203293505,0.950060306,0.138172338,7.695862187,0.908342269,1
0.218275123,0.945263341,0.135857164,7.693581421,0.903204657,1
0.219332108,0.945181948,0.135979248,7.684593832,0.902522978,1
1.033992034,0.879509402,0.056954155,7.834173864,0.760855436,1
0.645343137,0.883744297,0.072704653,7.788315731,0.795213184,1
0.720695466,0.833912029,0.084042052,7.740189923,0.788751787,1
0.729473039,0.834564125,0.083268071,7.740308743,0.787531148,1
0.714859069,0.840713807,0.084121114,7.748667281,0.78964231,1
0.607659314,0.908822307,0.086909392,7.761782677,0.828177083,1
0.396629902,0.932867372,0.106442843,7.729907737,0.879200623,1
0.824938725,0.88410167,0.067667089,7.900975353,0.80059677,1
0.705315564,0.899991812,0.072290355,7.90243407,0.817509446,1
0.473422181,0.922366604,0.096650876,7.721399832,0.851679177,1
0.480698529,0.918852444,0.096581143,7.725231699,0.850011744,1
0.493964461,0.914259571,0.097004315,7.72102345,0.849105647,1
0.479901961,0.93844088,0.084973138,7.730140379,0.84548509,1
0.618367034,0.922969312,0.082139622,7.748031522,0.832547743,1
0.86216299,0.849909878,0.068590017,7.763963009,0.780791298,1
0.726501225,0.870749595,0.075291205,7.779556311,0.802026217,1
0.521446078,0.929686126,0.079783532,7.626095931,0.835506281,1
0.666789216,0.89340432,0.075984589,7.80141536,0.817946429,1
0.775015319,0.886440854,0.057386176,7.834098522,0.771828789,1
0.504151348,0.90028777,0.086506851,7.725027157,0.829859579,1
0.406878064,0.926771214,0.090735603,7.841891892,0.854607843,1
0.568351716,0.903330921,0.076597356,7.864586329,0.819512868,1
0.380775123,0.915322855,0.110765019,7.591472639,0.867971558,1
0.530606618,0.902406107,0.100185219,7.703714032,0.844890727,1
0.726164216,0.855827653,0.081233749,7.669443289,0.806281914,1
0.681341912,0.866353575,0.081883984,7.675657352,0.812473192,1
0.655637255,0.863360619,0.107789131,7.639211613,0.830349775,1
0.596936275,0.880533871,0.080143232,7.610550408,0.804271344,1
0.670143995,0.893741898,0.068776539,7.736850328,0.79151297,1
0.645802696,0.899723121,0.071566539,7.747573873,0.798640727,1
0.492509191,0.895412292,0.094135451,7.632905098,0.83594184,1
0.391666667,0.92745656,0.113325515,7.591106405,0.86779999,1
0.488710172,0.88955855,0.097165204,7.607623961,0.835268331,1
0.344653799,0.940801632,0.094634447,7.68939501,0.866019455,1
0.388158701,0.936088925,0.090184902,7.705944908,0.85492162,1
0.484681373,0.908927073,0.090071584,7.643234092,0.837504596,1
0.453186275,0.914870326,0.092614969,7.641343908,0.843517923,1
0.541084559,0.921354238,0.07908624,7.744287218,0.837944751,1
0.483287377,0.930374645,0.085221721,7.705797233,0.853896548,1
0.568183211,0.917299527,0.07614162,7.756003298,0.830470027,1
0.614139093,0.894513404,0.086759856,7.671828285,0.821116728,1
0.5125,0.908088699,0.082890789,7.734112677,0.831623775,1
0.530744485,0.905304177,0.092852404,7.713070389,0.838130617,1
0.471384804,0.916556183,0.084446543,7.733030068,0.837402471,1
0.631265319,0.902992312,0.076620003,7.716103722,0.813900378,1
0.636871936,0.903388837,0.076073308,7.718047091,0.813901034,1
0.602588848,0.914893574,0.068144219,7.793531804,0.814153901,1
0.611534926,0.917916347,0.066251707,7.825980397,0.808943781,1
0.361504289,0.942081988,0.091572066,7.757053972,0.865591554,1
0.333838848,0.941484964,0.098436354,7.715372379,0.871272467,1
0.594577206,0.893682327,0.071433472,7.72031637,0.803107639,1
0.467264093,0.906849583,0.096930593,7.641530614,0.835649254,1
0.495710784,0.911635587,0.104579608,7.637397419,0.869697092,1
0.831081495,0.899875719,0.066013795,7.440797161,0.782955146,1
0.690885417,0.890698503,0.076729123,7.704936007,0.803356968,1
1.286106005,0.809546505,0.054577432,7.812694794,0.722839344,1
0.77734375,0.888314271,0.071903389,7.679090065,0.77666156,1
0.565088848,0.82337467,0.126480454,7.670460799,0.823896293,1
0.837852328,0.86573216,0.066691089,7.792428035,0.787759395,1
0.825536152,0.870178634,0.063302594,7.797629164,0.783100235,1
0.895726103,0.87303961,0.055691432,7.858068759,0.769470231,1
1.090594363,0.837461252,0.057210123,7.84417619,0.753025429,1
1.22455576,0.805529167,0.05728288,7.798602055,0.732422057,1
1.193765319,0.80048854,0.058157994,7.776835179,0.7344962,1
0.780499387,0.816665935,0.079763409,7.769383294,0.774461806,1
0.768244485,0.820877312,0.078812472,7.770346588,0.774327257,1
0.916835172,0.819907347,0.070415736,7.76609304,0.756452461,1
0.272166054,0.969233832,0.09346666,7.691393816,0.883907016,1
0.287454044,0.966975988,0.091638718,7.705178901,0.87995481,1
0.840058211,0.845114218,0.06466455,7.681455968,0.764667841,1
0.821216299,0.851936691,0.065468422,7.693555162,0.77040609,1
0.434742647,0.935768603,0.099693063,7.794147205,0.862279193,1
0.405683211,0.942938856,0.083729797,7.837211215,0.861291287,1
0.370465686,0.95079845,0.095364834,7.389283312,0.871327614,1
0.485968137,0.888343278,0.102428669,7.527267971,0.843005259,1
0.30903799,0.935236793,0.105414278,7.927984466,0.875237694,1
0.352619485,0.946992497,0.091318855,7.815109273,0.872536254,1
0.257613358,0.942721121,0.15367339,7.495445022,0.90528748,1
0.344944853,0.926373932,0.123965559,7.578359165,0.878761234,1
0.798268995,0.823906266,0.077351259,7.786972102,0.767087163,1
0.976761642,0.78549875,0.06948939,7.912342996,0.748414777,1
1.009344363,0.76725729,0.068491492,7.815178654,0.723041513,1
0.273606005,0.939574338,0.116308317,7.919267172,0.887092269,1
0.273238358,0.941095768,0.114046389,7.915406458,0.885933415,1
0.145098039,0.935288687,0.223916517,7.723185549,0.932465278,1
0.637791054,0.868750738,0.081582089,7.805910465,0.805861928,1
0.688648897,0.849450323,0.082752556,7.789577824,0.796783599,1
0.68270527,0.85790135,0.0814383,7.780778307,0.797667484,1
0.518443627,0.894487338,0.088396491,7.802896336,0.831056475,1
0.315119485,0.954771813,0.097099723,7.812458834,0.878652727,1
0.318244485,0.936077369,0.103004241,7.909310668,0.879528952,1
0.585814951,0.882740802,0.09623555,7.84506587,0.831513225,1
0.514460784,0.897999421,0.095854286,7.865770498,0.839271599,1
0.58481924,0.881750829,0.095402084,7.849374219,0.82861009,1
0.517769608,0.933499264,0.068405522,7.924810202,0.83288271,1
0.380775123,0.915322855,0.110765019,7.591472639,0.867971558,1
0.488710172,0.88955855,0.097165204,7.607623961,0.835268331,1
0.344653799,0.940801632,0.094634447,7.68939501,0.866019455,1
0.388158701,0.936088925,0.090184902,7.705944908,0.85492162,1
0.484681373,0.908927073,0.090071584,7.643234092,0.837504596,1
0.453186275,0.914870326,0.092614969,7.641343908,0.843517923,1
0.541084559,0.921354238,0.07908624,7.744287218,0.837944751,1
0.483287377,0.930374645,0.085221721,7.705797233,0.853896548,1
0.568183211,0.917299527,0.07614162,7.756003298,0.830470027,1
0.614139093,0.894513404,0.086759856,7.671828285,0.821116728,1
0.5125,0.908088699,0.082890789,7.734112677,0.831623775,1
0.530606618,0.902406107,0.100185219,7.703714032,0.844890727,1
0.471384804,0.916556183,0.084446543,7.733030068,0.837402471,1
0.631265319,0.902992312,0.076620003,7.716103722,0.813900378,1
0.636871936,0.903388837,0.076073308,7.718047091,0.813901034,1
0.602588848,0.914893574,0.068144219,7.793531804,0.814153901,1
0.611534926,0.917916347,0.066251707,7.825980397,0.808943781,1
0.361504289,0.942081988,0.091572066,7.757053972,0.865591554,1
0.333838848,0.941484964,0.098436354,7.715372379,0.871272467,1
0.594577206,0.893682327,0.071433472,7.72031637,0.803107639,1
0.467264093,0.906849583,0.096930593,7.641530614,0.835649254,1
0.495710784,0.911635587,0.104579608,7.637397419,0.869697092,1
0.726164216,0.855827653,0.081233749,7.669443289,0.806281914,1
0.831081495,0.899875719,0.066013795,7.440797161,0.782955146,1
0.690885417,0.890698503,0.076729123,7.704936007,0.803356968,1
1.286106005,0.809546505,0.054577432,7.812694794,0.722839344,1
0.77734375,0.888314271,0.071903389,7.679090065,0.77666156,1
0.565088848,0.82337467,0.126480454,7.670460799,0.823896293,1
0.837852328,0.86573216,0.066691089,7.792428035,0.787759395,1
0.825536152,0.870178634,0.063302594,7.797629164,0.783100235,1
0.895726103,0.87303961,0.055691432,7.858068759,0.769470231,1
1.090594363,0.837461252,0.057210123,7.84417619,0.753025429,1
1.22455576,0.805529167,0.05728288,7.798602055,0.732422057,1
0.681341912,0.866353575,0.081883984,7.675657352,0.812473192,1
1.193765319,0.80048854,0.058157994,7.776835179,0.7344962,1
0.780499387,0.816665935,0.079763409,7.769383294,0.774461806,1
0.768244485,0.820877312,0.078812472,7.770346588,0.774327257,1
0.916835172,0.819907347,0.070415736,7.76609304,0.756452461,1
0.272166054,0.969233832,0.09346666,7.691393816,0.883907016,1
0.287454044,0.966975988,0.091638718,7.705178901,0.87995481,1
0.840058211,0.845114218,0.06466455,7.681455968,0.764667841,1
0.821216299,0.851936691,0.065468422,7.693555162,0.77040609,1
0.434742647,0.935768603,0.099693063,7.794147205,0.862279193,1
0.405683211,0.942938856,0.083729797,7.837211215,0.861291287,1
0.655637255,0.863360619,0.107789131,7.639211613,0.830349775,1
0.352619485,0.946992497,0.091318855,7.815109273,0.872536254,1
0.257613358,0.942721121,0.15367339,7.495445022,0.90528748,1
0.344944853,0.926373932,0.123965559,7.578359165,0.878761234,1
0.798268995,0.823906266,0.077351259,7.786972102,0.767087163,1
0.976761642,0.78549875,0.06948939,7.912342996,0.748414777,1
1.009344363,0.76725729,0.068491492,7.815178654,0.723041513,1
0.368949142,0.923120316,0.103410235,7.759147973,0.866633476,1
0.596936275,0.880533871,0.080143232,7.610550408,0.804271344,1
0.670143995,0.893741898,0.068776539,7.736850328,0.79151297,1
0.645802696,0.899723121,0.071566539,7.747573873,0.798640727,1
0.492509191,0.895412292,0.094135451,7.632905098,0.83594184,1
